<?xml version="1.0" encoding="UTF-8"?>
<GenRun Id="synth_1" LaunchPart="xc7a35tcpg236-1" LaunchTime="1714474778">
  <File Type="PA-TCL" Name="Nano_Processor.tcl"/>
  <File Type="RDS-PROPCONSTRS" Name="Nano_Processor_drc_synth.rpt"/>
  <File Type="REPORTS-TCL" Name="Nano_Processor_reports.tcl"/>
  <File Type="RDS-RDS" Name="Nano_Processor.vds"/>
  <File Type="RDS-UTIL" Name="Nano_Processor_utilization_synth.rpt"/>
  <File Type="RDS-UTIL-PB" Name="Nano_Processor_utilization_synth.pb"/>
  <File Type="RDS-DCP" Name="Nano_Processor.dcp"/>
  <File Type="VDS-TIMINGSUMMARY" Name="Nano_Processor_timing_summary_synth.rpt"/>
  <File Type="VDS-TIMING-PB" Name="Nano_Processor_timing_summary_synth.pb"/>
  <FileSet Name="sources" Type="DesignSrcs" RelSrcDir="$PSRCDIR/sources_1">
    <Filter Type="Srcs"/>
    <File Path="$PSRCDIR/sources_1/imports/imports/Components/AU.vhd">
      <FileInfo>
        <Attr Name="ImportPath" Val="$PPRDIR/Nano_V1_New/Nano_V1_New.srcs/sources_1/imports/Components/AU.vhd"/>
        <Attr Name="ImportTime" Val="1713892007"/>
        <Attr Name="UsedIn" Val="synthesis"/>
        <Attr Name="UsedIn" Val="simulation"/>
      </FileInfo>
    </File>
    <File Path="$PSRCDIR/sources_1/imports/Components/Decoder_2_to_4.vhd">
      <FileInfo>
        <Attr Name="ImportPath" Val="$PPRDIR/Nano_V1_New/Nano_V1_New.srcs/sources_1/imports/Components/Decoder_2_to_4.vhd"/>
        <Attr Name="ImportTime" Val="1713097504"/>
        <Attr Name="UsedIn" Val="synthesis"/>
        <Attr Name="UsedIn" Val="simulation"/>
      </FileInfo>
    </File>
    <File Path="$PSRCDIR/sources_1/imports/Components/Decoder_3_to_8.vhd">
      <FileInfo>
        <Attr Name="ImportPath" Val="$PPRDIR/Nano_V1_New/Nano_V1_New.srcs/sources_1/imports/Components/Decoder_3_to_8.vhd"/>
        <Attr Name="ImportTime" Val="1713097506"/>
        <Attr Name="UsedIn" Val="synthesis"/>
        <Attr Name="UsedIn" Val="simulation"/>
      </FileInfo>
    </File>
    <File Path="$PSRCDIR/sources_1/imports/Components/FA.vhd">
      <FileInfo>
        <Attr Name="ImportPath" Val="$PPRDIR/Nano_V1_New/Nano_V1_New.srcs/sources_1/imports/Components/FA.vhd"/>
        <Attr Name="ImportTime" Val="1713097518"/>
        <Attr Name="UsedIn" Val="synthesis"/>
        <Attr Name="UsedIn" Val="simulation"/>
      </FileInfo>
    </File>
    <File Path="$PSRCDIR/sources_1/imports/Components/HA.vhd">
      <FileInfo>
        <Attr Name="ImportPath" Val="$PPRDIR/Nano_V1_New/Nano_V1_New.srcs/sources_1/imports/Components/HA.vhd"/>
        <Attr Name="ImportTime" Val="1713097530"/>
        <Attr Name="UsedIn" Val="synthesis"/>
        <Attr Name="UsedIn" Val="simulation"/>
      </FileInfo>
    </File>
    <File Path="$PSRCDIR/sources_1/imports/imports/Imports/Instruction_Decoder_V2.vhd">
      <FileInfo>
        <Attr Name="ImportPath" Val="$PPRDIR/Nano_V1_New/Nano_V1_New.srcs/sources_1/imports/Imports/Instruction_Decoder_V2.vhd"/>
        <Attr Name="ImportTime" Val="1713800190"/>
        <Attr Name="UsedIn" Val="synthesis"/>
        <Attr Name="UsedIn" Val="simulation"/>
      </FileInfo>
    </File>
    <File Path="$PSRCDIR/sources_1/imports/Components/Instruction_Decoder_and_Loader.vhd">
      <FileInfo>
        <Attr Name="ImportPath" Val="$PPRDIR/Nano_V1_New/Nano_V1_New.srcs/sources_1/imports/Components/Instruction_Decoder_and_Loader.vhd"/>
        <Attr Name="ImportTime" Val="1713890970"/>
        <Attr Name="UsedIn" Val="synthesis"/>
        <Attr Name="UsedIn" Val="simulation"/>
      </FileInfo>
    </File>
    <File Path="$PSRCDIR/sources_1/imports/Components/LUT_16_7.vhd">
      <FileInfo>
        <Attr Name="ImportPath" Val="$PPRDIR/Nano_V1_New/Nano_V1_New.srcs/sources_1/imports/Components/LUT_16_7.vhd"/>
        <Attr Name="ImportTime" Val="1713888399"/>
        <Attr Name="UsedIn" Val="synthesis"/>
        <Attr Name="UsedIn" Val="simulation"/>
      </FileInfo>
    </File>
    <File Path="$PSRCDIR/sources_1/imports/imports/Imports/LUT_8_13.vhd">
      <FileInfo>
        <Attr Name="ImportPath" Val="$PPRDIR/Nano_V1_New/Nano_V1_New.srcs/sources_1/imports/Imports/LUT_8_13.vhd"/>
        <Attr Name="ImportTime" Val="1713764624"/>
        <Attr Name="UsedIn" Val="synthesis"/>
        <Attr Name="UsedIn" Val="simulation"/>
      </FileInfo>
    </File>
    <File Path="$PSRCDIR/sources_1/imports/Components/MUX_2_1_3bit.vhd">
      <FileInfo>
        <Attr Name="ImportPath" Val="$PPRDIR/Nano_V1_New/Nano_V1_New.srcs/sources_1/imports/Components/MUX_2_1_3bit.vhd"/>
        <Attr Name="ImportTime" Val="1713097516"/>
        <Attr Name="UsedIn" Val="synthesis"/>
        <Attr Name="UsedIn" Val="simulation"/>
      </FileInfo>
    </File>
    <File Path="$PSRCDIR/sources_1/imports/imports/Imports/MUX_4_1_4bit.vhd">
      <FileInfo>
        <Attr Name="ImportPath" Val="$PPRDIR/Nano_V1_New/Nano_V1_New.srcs/sources_1/imports/Imports/MUX_4_1_4bit.vhd"/>
        <Attr Name="ImportTime" Val="1713803216"/>
        <Attr Name="UsedIn" Val="synthesis"/>
        <Attr Name="UsedIn" Val="simulation"/>
      </FileInfo>
    </File>
    <File Path="$PSRCDIR/sources_1/imports/Components/MUX_8_1_4bit.vhd">
      <FileInfo>
        <Attr Name="ImportPath" Val="$PPRDIR/Nano_V1_New/Nano_V1_New.srcs/sources_1/imports/Components/MUX_8_1_4bit.vhd"/>
        <Attr Name="ImportTime" Val="1713097512"/>
        <Attr Name="UsedIn" Val="synthesis"/>
        <Attr Name="UsedIn" Val="simulation"/>
      </FileInfo>
    </File>
    <File Path="$PSRCDIR/sources_1/imports/Components/Mem_Sel_and_ROM.vhd">
      <FileInfo>
        <Attr Name="ImportPath" Val="$PPRDIR/Nano_V1_New/Nano_V1_New.srcs/sources_1/imports/Components/Mem_Sel_and_ROM.vhd"/>
        <Attr Name="ImportTime" Val="1713891143"/>
        <Attr Name="UsedIn" Val="synthesis"/>
        <Attr Name="UsedIn" Val="simulation"/>
      </FileInfo>
    </File>
    <File Path="$PSRCDIR/sources_1/imports/Components/Memory_Process_Unit.vhd">
      <FileInfo>
        <Attr Name="ImportPath" Val="$PPRDIR/Nano_V1_New/Nano_V1_New.srcs/sources_1/imports/Components/Memory_Process_Unit.vhd"/>
        <Attr Name="ImportTime" Val="1713892227"/>
        <Attr Name="UsedIn" Val="synthesis"/>
        <Attr Name="UsedIn" Val="simulation"/>
      </FileInfo>
    </File>
    <File Path="$PSRCDIR/sources_1/imports/Components/Memory_Selector.vhd">
      <FileInfo>
        <Attr Name="ImportPath" Val="$PPRDIR/Nano_V1_New/Nano_V1_New.srcs/sources_1/imports/Components/Memory_Selector.vhd"/>
        <Attr Name="ImportTime" Val="1713328306"/>
        <Attr Name="UsedIn" Val="synthesis"/>
        <Attr Name="UsedIn" Val="simulation"/>
      </FileInfo>
    </File>
    <File Path="$PSRCDIR/sources_1/imports/Components/Program_Counter.vhd">
      <FileInfo>
        <Attr Name="ImportPath" Val="$PPRDIR/Nano_V1_New/Nano_V1_New.srcs/sources_1/imports/Components/Program_Counter.vhd"/>
        <Attr Name="ImportTime" Val="1713097526"/>
        <Attr Name="UsedIn" Val="synthesis"/>
        <Attr Name="UsedIn" Val="simulation"/>
      </FileInfo>
    </File>
    <File Path="$PSRCDIR/sources_1/imports/Components/RC_Add_Sub_4.vhd">
      <FileInfo>
        <Attr Name="ImportPath" Val="$PPRDIR/Nano_V1_New/Nano_V1_New.srcs/sources_1/imports/Components/RC_Add_Sub_4.vhd"/>
        <Attr Name="ImportTime" Val="1713967114"/>
        <Attr Name="UsedIn" Val="synthesis"/>
        <Attr Name="UsedIn" Val="simulation"/>
      </FileInfo>
    </File>
    <File Path="$PSRCDIR/sources_1/imports/Components/Reg.vhd">
      <FileInfo>
        <Attr Name="ImportPath" Val="$PPRDIR/Nano_V1_New/Nano_V1_New.srcs/sources_1/imports/Components/Reg.vhd"/>
        <Attr Name="ImportTime" Val="1713097498"/>
        <Attr Name="UsedIn" Val="synthesis"/>
        <Attr Name="UsedIn" Val="simulation"/>
      </FileInfo>
    </File>
    <File Path="$PSRCDIR/sources_1/imports/Components/Register_Bank.vhd">
      <FileInfo>
        <Attr Name="ImportPath" Val="$PPRDIR/Nano_V1_New/Nano_V1_New.srcs/sources_1/imports/Components/Register_Bank.vhd"/>
        <Attr Name="ImportTime" Val="1713097508"/>
        <Attr Name="UsedIn" Val="synthesis"/>
        <Attr Name="UsedIn" Val="simulation"/>
      </FileInfo>
    </File>
    <File Path="$PSRCDIR/sources_1/imports/Components/Slow_Clk.vhd">
      <FileInfo>
        <Attr Name="ImportPath" Val="$PPRDIR/Nano_V1_New/Nano_V1_New.srcs/sources_1/imports/Components/Slow_Clk.vhd"/>
        <Attr Name="ImportTime" Val="1713605993"/>
        <Attr Name="UsedIn" Val="synthesis"/>
        <Attr Name="UsedIn" Val="simulation"/>
      </FileInfo>
    </File>
    <File Path="$PSRCDIR/sources_1/imports/Components/Three_Bit_Adder.vhd">
      <FileInfo>
        <Attr Name="ImportPath" Val="$PPRDIR/Nano_V1_New/Nano_V1_New.srcs/sources_1/imports/Components/Three_Bit_Adder.vhd"/>
        <Attr Name="ImportTime" Val="1713097518"/>
        <Attr Name="UsedIn" Val="synthesis"/>
        <Attr Name="UsedIn" Val="simulation"/>
      </FileInfo>
    </File>
    <File Path="$PSRCDIR/sources_1/imports/imports/Imports/four_bit_comparator.vhd">
      <FileInfo>
        <Attr Name="ImportPath" Val="$PPRDIR/Nano_V1_New/Nano_V1_New.srcs/sources_1/imports/Imports/four_bit_comparator.vhd"/>
        <Attr Name="ImportTime" Val="1713768248"/>
        <Attr Name="UsedIn" Val="synthesis"/>
        <Attr Name="UsedIn" Val="simulation"/>
      </FileInfo>
    </File>
    <File Path="$PSRCDIR/sources_1/imports/Components/Nano_Processor.vhd">
      <FileInfo>
        <Attr Name="ImportPath" Val="$PPRDIR/Nano_V1_New/Nano_V1_New.srcs/sources_1/imports/Components/Nano_Processor.vhd"/>
        <Attr Name="ImportTime" Val="1713967117"/>
        <Attr Name="UsedIn" Val="synthesis"/>
        <Attr Name="UsedIn" Val="simulation"/>
      </FileInfo>
    </File>
    <Config>
      <Option Name="DesignMode" Val="RTL"/>
      <Option Name="TopModule" Val="Nano_Processor"/>
      <Option Name="TopAutoSet" Val="TRUE"/>
    </Config>
  </FileSet>
  <FileSet Name="constrs_in" Type="Constrs" RelSrcDir="$PSRCDIR/constrs_1">
    <Filter Type="Constrs"/>
    <File Path="$PSRCDIR/constrs_1/imports/Components/Basys3Labs_NP_V1_.xdc">
      <FileInfo>
        <Attr Name="ImportPath" Val="$PPRDIR/../Nano_V1_New_Extend_For_Compare/Nano_V1_New.srcs/constrs_1/imports/Components/Basys3Labs_NP_V1_.xdc"/>
        <Attr Name="ImportTime" Val="1713892991"/>
        <Attr Name="UsedIn" Val="synthesis"/>
        <Attr Name="UsedIn" Val="implementation"/>
      </FileInfo>
    </File>
    <Config>
      <Option Name="ConstrsType" Val="XDC"/>
    </Config>
  </FileSet>
  <Strategy Version="1" Minor="2">
    <StratHandle Name="Vivado Synthesis Defaults" Flow="Vivado Synthesis 2018"/>
    <Step Id="synth_design"/>
  </Strategy>
</GenRun>
