<?xml version="1.0" encoding="UTF-8"?>
<GenRun Id="impl_1" LaunchPart="xc7a35tcpg236-1" LaunchTime="1714075402">
  <File Type="PWROPT-DCP" Name="Nano_Processor_pwropt.dcp"/>
  <File Type="ROUTE-PWR" Name="Nano_Processor_power_routed.rpt"/>
  <File Type="PA-TCL" Name="Nano_Processor.tcl"/>
  <File Type="ROUTE-PWR-SUM" Name="Nano_Processor_power_summary_routed.pb"/>
  <File Type="REPORTS-TCL" Name="Nano_Processor_reports.tcl"/>
  <File Type="BG-DRC" Name="Nano_Processor.drc"/>
  <File Type="OPT-METHODOLOGY-DRC" Name="Nano_Processor_methodology_drc_opted.rpt"/>
  <File Type="INIT-TIMING" Name="Nano_Processor_timing_summary_init.rpt"/>
  <File Type="OPT-HWDEF" Name="Nano_Processor.hwdef"/>
  <File Type="OPT-DCP" Name="Nano_Processor_opt.dcp"/>
  <File Type="OPT-DRC" Name="Nano_Processor_drc_opted.rpt"/>
  <File Type="OPT-TIMING" Name="Nano_Processor_timing_summary_opted.rpt"/>
  <File Type="PWROPT-DRC" Name="Nano_Processor_drc_pwropted.rpt"/>
  <File Type="PWROPT-TIMING" Name="Nano_Processor_timing_summary_pwropted.rpt"/>
  <File Type="PLACE-DCP" Name="Nano_Processor_placed.dcp"/>
  <File Type="PLACE-IO" Name="Nano_Processor_io_placed.rpt"/>
  <File Type="PLACE-CLK" Name="Nano_Processor_clock_utilization_placed.rpt"/>
  <File Type="PLACE-UTIL" Name="Nano_Processor_utilization_placed.rpt"/>
  <File Type="PLACE-UTIL-PB" Name="Nano_Processor_utilization_placed.pb"/>
  <File Type="PLACE-CTRL" Name="Nano_Processor_control_sets_placed.rpt"/>
  <File Type="PLACE-SIMILARITY" Name="Nano_Processor_incremental_reuse_placed.rpt"/>
  <File Type="PLACE-PRE-SIMILARITY" Name="Nano_Processor_incremental_reuse_pre_placed.rpt"/>
  <File Type="PLACE-TIMING" Name="Nano_Processor_timing_summary_placed.rpt"/>
  <File Type="POSTPLACE-PWROPT-DCP" Name="Nano_Processor_postplace_pwropt.dcp"/>
  <File Type="POSTPLACE-PWROPT-TIMING" Name="Nano_Processor_timing_summary_postplace_pwropted.rpt"/>
  <File Type="PHYSOPT-DCP" Name="Nano_Processor_physopt.dcp"/>
  <File Type="PHYSOPT-DRC" Name="Nano_Processor_drc_physopted.rpt"/>
  <File Type="BG-BIT" Name="Nano_Processor.bit"/>
  <File Type="PHYSOPT-TIMING" Name="Nano_Processor_timing_summary_physopted.rpt"/>
  <File Type="ROUTE-ERROR-DCP" Name="Nano_Processor_routed_error.dcp"/>
  <File Type="ROUTE-DCP" Name="Nano_Processor_routed.dcp"/>
  <File Type="ROUTE-BLACKBOX-DCP" Name="Nano_Processor_routed_bb.dcp"/>
  <File Type="ROUTE-DRC" Name="Nano_Processor_drc_routed.rpt"/>
  <File Type="ROUTE-DRC-PB" Name="Nano_Processor_drc_routed.pb"/>
  <File Type="BITSTR-MSK" Name="Nano_Processor.msk"/>
  <File Type="ROUTE-DRC-RPX" Name="Nano_Processor_drc_routed.rpx"/>
  <File Type="BG-BGN" Name="Nano_Processor.bgn"/>
  <File Type="ROUTE-METHODOLOGY-DRC" Name="Nano_Processor_methodology_drc_routed.rpt"/>
  <File Type="BITSTR-RBT" Name="Nano_Processor.rbt"/>
  <File Type="ROUTE-METHODOLOGY-DRC-RPX" Name="Nano_Processor_methodology_drc_routed.rpx"/>
  <File Type="BG-BIN" Name="Nano_Processor.bin"/>
  <File Type="ROUTE-METHODOLOGY-DRC-PB" Name="Nano_Processor_methodology_drc_routed.pb"/>
  <File Type="ROUTE-PWR-RPX" Name="Nano_Processor_power_routed.rpx"/>
  <File Type="ROUTE-STATUS" Name="Nano_Processor_route_status.rpt"/>
  <File Type="ROUTE-STATUS-PB" Name="Nano_Processor_route_status.pb"/>
  <File Type="ROUTE-TIMINGSUMMARY" Name="Nano_Processor_timing_summary_routed.rpt"/>
  <File Type="ROUTE-TIMING-PB" Name="Nano_Processor_timing_summary_routed.pb"/>
  <File Type="ROUTE-TIMING-RPX" Name="Nano_Processor_timing_summary_routed.rpx"/>
  <File Type="ROUTE-SIMILARITY" Name="Nano_Processor_incremental_reuse_routed.rpt"/>
  <File Type="RDI-RDI" Name="Nano_Processor.vdi"/>
  <File Type="ROUTE-CLK" Name="Nano_Processor_clock_utilization_routed.rpt"/>
  <File Type="POSTROUTE-PHYSOPT-DCP" Name="Nano_Processor_postroute_physopt.dcp"/>
  <File Type="POSTROUTE-PHYSOPT-BLACKBOX-DCP" Name="Nano_Processor_postroute_physopt_bb.dcp"/>
  <File Type="POSTROUTE-PHYSOPT-TIMING" Name="Nano_Processor_timing_summary_postroute_physopted.rpt"/>
  <File Type="POSTROUTE-PHYSOPT-TIMING-PB" Name="Nano_Processor_timing_summary_postroute_physopted.pb"/>
  <File Type="POSTROUTE-PHYSOPT-TIMING-RPX" Name="Nano_Processor_timing_summary_postroute_physopted.rpx"/>
  <File Type="BITSTR-NKY" Name="Nano_Processor.nky"/>
  <File Type="BITSTR-BMM" Name="Nano_Processor_bd.bmm"/>
  <File Type="BITSTR-MMI" Name="Nano_Processor.mmi"/>
  <File Type="BITSTR-LTX" Name="debug_nets.ltx"/>
  <File Type="BITSTR-LTX" Name="Nano_Processor.ltx"/>
  <File Type="BITSTR-SYSDEF" Name="Nano_Processor.sysdef"/>
  <File Type="WBT-USG" Name="usage_statistics_webtalk.html"/>
  <FileSet Name="sources" Type="DesignSrcs" RelSrcDir="$PSRCDIR/sources_1">
    <Filter Type="Srcs"/>
    <File Path="$PSRCDIR/sources_1/imports/Components/AU.vhd">
      <FileInfo>
        <Attr Name="ImportPath" Val="$PPRDIR/../Nano_V1_New/Components/AU.vhd"/>
        <Attr Name="ImportTime" Val="1713097514"/>
        <Attr Name="UsedIn" Val="synthesis"/>
        <Attr Name="UsedIn" Val="simulation"/>
      </FileInfo>
    </File>
    <File Path="$PSRCDIR/sources_1/imports/Components/Decoder_2_to_4.vhd">
      <FileInfo>
        <Attr Name="ImportPath" Val="$PPRDIR/../Nano_V1_New/Components/Decoder_2_to_4.vhd"/>
        <Attr Name="ImportTime" Val="1713097504"/>
        <Attr Name="UsedIn" Val="synthesis"/>
        <Attr Name="UsedIn" Val="simulation"/>
      </FileInfo>
    </File>
    <File Path="$PSRCDIR/sources_1/imports/Components/Decoder_3_to_8.vhd">
      <FileInfo>
        <Attr Name="ImportPath" Val="$PPRDIR/../Nano_V1_New/Components/Decoder_3_to_8.vhd"/>
        <Attr Name="ImportTime" Val="1713097506"/>
        <Attr Name="UsedIn" Val="synthesis"/>
        <Attr Name="UsedIn" Val="simulation"/>
      </FileInfo>
    </File>
    <File Path="$PSRCDIR/sources_1/imports/Components/FA.vhd">
      <FileInfo>
        <Attr Name="ImportPath" Val="$PPRDIR/../Nano_V1_New/Components/FA.vhd"/>
        <Attr Name="ImportTime" Val="1713097517"/>
        <Attr Name="UsedIn" Val="synthesis"/>
        <Attr Name="UsedIn" Val="simulation"/>
      </FileInfo>
    </File>
    <File Path="$PSRCDIR/sources_1/imports/Components/HA.vhd">
      <FileInfo>
        <Attr Name="ImportPath" Val="$PPRDIR/../Nano_V1_New/Components/HA.vhd"/>
        <Attr Name="ImportTime" Val="1713097529"/>
        <Attr Name="UsedIn" Val="synthesis"/>
        <Attr Name="UsedIn" Val="simulation"/>
      </FileInfo>
    </File>
    <File Path="$PSRCDIR/sources_1/imports/Components/Instruction_Decoder.vhd">
      <FileInfo>
        <Attr Name="ImportPath" Val="$PPRDIR/../Nano_V1_New/Components/Instruction_Decoder.vhd"/>
        <Attr Name="ImportTime" Val="1713097503"/>
        <Attr Name="UsedIn" Val="synthesis"/>
        <Attr Name="UsedIn" Val="simulation"/>
      </FileInfo>
    </File>
    <File Path="$PSRCDIR/sources_1/imports/Components/Instruction_Decoder_and_Loader.vhd">
      <FileInfo>
        <Attr Name="ImportPath" Val="$PPRDIR/../Nano_V1_New/Components/Instruction_Decoder_and_Loader.vhd"/>
        <Attr Name="ImportTime" Val="1713097523"/>
        <Attr Name="UsedIn" Val="synthesis"/>
        <Attr Name="UsedIn" Val="simulation"/>
      </FileInfo>
    </File>
    <File Path="$PSRCDIR/sources_1/imports/Components/LUT_16_7.vhd">
      <FileInfo>
        <Attr Name="ImportPath" Val="$PPRDIR/../Nano_V1_New/Components/LUT_16_7.vhd"/>
        <Attr Name="ImportTime" Val="1710858136"/>
        <Attr Name="UsedIn" Val="synthesis"/>
        <Attr Name="UsedIn" Val="simulation"/>
      </FileInfo>
    </File>
    <File Path="$PSRCDIR/sources_1/imports/Components/LUT_8_12.vhd">
      <FileInfo>
        <Attr Name="ImportPath" Val="$PPRDIR/../Nano_V1_New/Components/LUT_8_12.vhd"/>
        <Attr Name="ImportTime" Val="1713097509"/>
        <Attr Name="UsedIn" Val="synthesis"/>
        <Attr Name="UsedIn" Val="simulation"/>
      </FileInfo>
    </File>
    <File Path="$PSRCDIR/sources_1/imports/Components/MUX_2_1_3bit.vhd">
      <FileInfo>
        <Attr Name="ImportPath" Val="$PPRDIR/../Nano_V1_New/Components/MUX_2_1_3bit.vhd"/>
        <Attr Name="ImportTime" Val="1713097515"/>
        <Attr Name="UsedIn" Val="synthesis"/>
        <Attr Name="UsedIn" Val="simulation"/>
      </FileInfo>
    </File>
    <File Path="$PSRCDIR/sources_1/imports/Components/MUX_2_1_4bit.vhd">
      <FileInfo>
        <Attr Name="ImportPath" Val="$PPRDIR/../Nano_V1_New/Components/MUX_2_1_4bit.vhd"/>
        <Attr Name="ImportTime" Val="1713097522"/>
        <Attr Name="UsedIn" Val="synthesis"/>
        <Attr Name="UsedIn" Val="simulation"/>
      </FileInfo>
    </File>
    <File Path="$PSRCDIR/sources_1/imports/Components/MUX_8_1_4bit.vhd">
      <FileInfo>
        <Attr Name="ImportPath" Val="$PPRDIR/../Nano_V1_New/Components/MUX_8_1_4bit.vhd"/>
        <Attr Name="ImportTime" Val="1713097512"/>
        <Attr Name="UsedIn" Val="synthesis"/>
        <Attr Name="UsedIn" Val="simulation"/>
      </FileInfo>
    </File>
    <File Path="$PSRCDIR/sources_1/imports/Components/Mem_Sel_and_ROM.vhd">
      <FileInfo>
        <Attr Name="ImportPath" Val="$PPRDIR/../Nano_V1_New/Components/Mem_Sel_and_ROM.vhd"/>
        <Attr Name="ImportTime" Val="1713097520"/>
        <Attr Name="UsedIn" Val="synthesis"/>
        <Attr Name="UsedIn" Val="simulation"/>
      </FileInfo>
    </File>
    <File Path="$PSRCDIR/sources_1/imports/Components/Memory_Process_Unit.vhd">
      <FileInfo>
        <Attr Name="ImportPath" Val="$PPRDIR/../Nano_V1_New/Components/Memory_Process_Unit.vhd"/>
        <Attr Name="ImportTime" Val="1713097532"/>
        <Attr Name="UsedIn" Val="synthesis"/>
        <Attr Name="UsedIn" Val="simulation"/>
      </FileInfo>
    </File>
    <File Path="$PSRCDIR/sources_1/imports/Components/Memory_Selector.vhd">
      <FileInfo>
        <Attr Name="ImportPath" Val="$PPRDIR/../Nano_V1_New/Components/Memory_Selector.vhd"/>
        <Attr Name="ImportTime" Val="1713097528"/>
        <Attr Name="UsedIn" Val="synthesis"/>
        <Attr Name="UsedIn" Val="simulation"/>
      </FileInfo>
    </File>
    <File Path="$PSRCDIR/sources_1/imports/Components/Program_Counter.vhd">
      <FileInfo>
        <Attr Name="ImportPath" Val="$PPRDIR/../Nano_V1_New/Components/Program_Counter.vhd"/>
        <Attr Name="ImportTime" Val="1713097525"/>
        <Attr Name="UsedIn" Val="synthesis"/>
        <Attr Name="UsedIn" Val="simulation"/>
      </FileInfo>
    </File>
    <File Path="$PSRCDIR/sources_1/imports/Components/RC_Add_Sub_4.vhd">
      <FileInfo>
        <Attr Name="ImportPath" Val="$PPRDIR/../Nano_V1_New/Components/RC_Add_Sub_4.vhd"/>
        <Attr Name="ImportTime" Val="1713097511"/>
        <Attr Name="UsedIn" Val="synthesis"/>
        <Attr Name="UsedIn" Val="simulation"/>
      </FileInfo>
    </File>
    <File Path="$PSRCDIR/sources_1/imports/Components/Reg.vhd">
      <FileInfo>
        <Attr Name="ImportPath" Val="$PPRDIR/../Nano_V1_New/Components/Reg.vhd"/>
        <Attr Name="ImportTime" Val="1713097497"/>
        <Attr Name="UsedIn" Val="synthesis"/>
        <Attr Name="UsedIn" Val="simulation"/>
      </FileInfo>
    </File>
    <File Path="$PSRCDIR/sources_1/imports/Components/Register_Bank.vhd">
      <FileInfo>
        <Attr Name="ImportPath" Val="$PPRDIR/../Nano_V1_New/Components/Register_Bank.vhd"/>
        <Attr Name="ImportTime" Val="1713097508"/>
        <Attr Name="UsedIn" Val="synthesis"/>
        <Attr Name="UsedIn" Val="simulation"/>
      </FileInfo>
    </File>
    <File Path="$PSRCDIR/sources_1/imports/Components/Slow_Clk.vhd">
      <FileInfo>
        <Attr Name="ImportPath" Val="$PPRDIR/../Nano_V1_New/Components/Slow_Clk.vhd"/>
        <Attr Name="ImportTime" Val="1713097526"/>
        <Attr Name="UsedIn" Val="synthesis"/>
        <Attr Name="UsedIn" Val="simulation"/>
      </FileInfo>
    </File>
    <File Path="$PSRCDIR/sources_1/imports/Components/Three_Bit_Adder.vhd">
      <FileInfo>
        <Attr Name="ImportPath" Val="$PPRDIR/../Nano_V1_New/Components/Three_Bit_Adder.vhd"/>
        <Attr Name="ImportTime" Val="1713097518"/>
        <Attr Name="UsedIn" Val="synthesis"/>
        <Attr Name="UsedIn" Val="simulation"/>
      </FileInfo>
    </File>
    <File Path="$PSRCDIR/sources_1/imports/Components/Nano_Processor.vhd">
      <FileInfo>
        <Attr Name="ImportPath" Val="$PPRDIR/../Nano_V1_New/Components/Nano_Processor.vhd"/>
        <Attr Name="ImportTime" Val="1713097530"/>
        <Attr Name="UsedIn" Val="synthesis"/>
        <Attr Name="UsedIn" Val="simulation"/>
      </FileInfo>
    </File>
    <Config>
      <Option Name="DesignMode" Val="RTL"/>
      <Option Name="TopModule" Val="Nano_Processor"/>
    </Config>
  </FileSet>
  <FileSet Name="constrs_in" Type="Constrs" RelSrcDir="$PSRCDIR/constrs_1">
    <Filter Type="Constrs"/>
    <File Path="$PSRCDIR/constrs_1/imports/Components/Basys3Labs_NP_V1_.xdc">
      <FileInfo>
        <Attr Name="ImportPath" Val="$PPRDIR/../Nano_V1_New/Components/Basys3Labs_NP_V1_.xdc"/>
        <Attr Name="ImportTime" Val="1712563636"/>
        <Attr Name="UsedIn" Val="synthesis"/>
        <Attr Name="UsedIn" Val="implementation"/>
      </FileInfo>
    </File>
    <Config>
      <Option Name="ConstrsType" Val="XDC"/>
    </Config>
  </FileSet>
  <Strategy Version="1" Minor="2">
    <StratHandle Name="Vivado Implementation Defaults" Flow="Vivado Implementation 2018"/>
    <Step Id="init_design"/>
    <Step Id="opt_design"/>
    <Step Id="power_opt_design"/>
    <Step Id="place_design"/>
    <Step Id="post_place_power_opt_design"/>
    <Step Id="phys_opt_design"/>
    <Step Id="route_design"/>
    <Step Id="post_route_phys_opt_design"/>
    <Step Id="write_bitstream"/>
  </Strategy>
</GenRun>
