<?xml version="1.0" encoding="UTF-8"?>
<GenRun Id="synth_1" LaunchPart="xc7a35tcpg236-1" LaunchTime="1714075103">
  <File Type="PA-TCL" Name="Nano_Processor.tcl"/>
  <File Type="RDS-PROPCONSTRS" Name="Nano_Processor_drc_synth.rpt"/>
  <File Type="REPORTS-TCL" Name="Nano_Processor_reports.tcl"/>
  <File Type="RDS-RDS" Name="Nano_Processor.vds"/>
  <File Type="RDS-UTIL" Name="Nano_Processor_utilization_synth.rpt"/>
  <File Type="RDS-UTIL-PB" Name="Nano_Processor_utilization_synth.pb"/>
  <File Type="RDS-DCP" Name="Nano_Processor.dcp"/>
  <File Type="VDS-TIMINGSUMMARY" Name="Nano_Processor_timing_summary_synth.rpt"/>
  <File Type="VDS-TIMING-PB" Name="Nano_Processor_timing_summary_synth.pb"/>
  <FileSet Name="sources" Type="DesignSrcs" RelSrcDir="$PSRCDIR/sources_1">
    <Filter Type="Srcs"/>
    <File Path="$PSRCDIR/sources_1/imports/Components/AU.vhd">
      <FileInfo>
        <Attr Name="ImportPath" Val="$PPRDIR/../Nano_V1_New/Components/AU.vhd"/>
        <Attr Name="ImportTime" Val="1713097514"/>
        <Attr Name="UsedIn" Val="synthesis"/>
        <Attr Name="UsedIn" Val="simulation"/>
      </FileInfo>
    </File>
    <File Path="$PSRCDIR/sources_1/imports/Components/Decoder_2_to_4.vhd">
      <FileInfo>
        <Attr Name="ImportPath" Val="$PPRDIR/../Nano_V1_New/Components/Decoder_2_to_4.vhd"/>
        <Attr Name="ImportTime" Val="1713097504"/>
        <Attr Name="UsedIn" Val="synthesis"/>
        <Attr Name="UsedIn" Val="simulation"/>
      </FileInfo>
    </File>
    <File Path="$PSRCDIR/sources_1/imports/Components/Decoder_3_to_8.vhd">
      <FileInfo>
        <Attr Name="ImportPath" Val="$PPRDIR/../Nano_V1_New/Components/Decoder_3_to_8.vhd"/>
        <Attr Name="ImportTime" Val="1713097506"/>
        <Attr Name="UsedIn" Val="synthesis"/>
        <Attr Name="UsedIn" Val="simulation"/>
      </FileInfo>
    </File>
    <File Path="$PSRCDIR/sources_1/imports/Components/FA.vhd">
      <FileInfo>
        <Attr Name="ImportPath" Val="$PPRDIR/../Nano_V1_New/Components/FA.vhd"/>
        <Attr Name="ImportTime" Val="1713097517"/>
        <Attr Name="UsedIn" Val="synthesis"/>
        <Attr Name="UsedIn" Val="simulation"/>
      </FileInfo>
    </File>
    <File Path="$PSRCDIR/sources_1/imports/Components/HA.vhd">
      <FileInfo>
        <Attr Name="ImportPath" Val="$PPRDIR/../Nano_V1_New/Components/HA.vhd"/>
        <Attr Name="ImportTime" Val="1713097529"/>
        <Attr Name="UsedIn" Val="synthesis"/>
        <Attr Name="UsedIn" Val="simulation"/>
      </FileInfo>
    </File>
    <File Path="$PSRCDIR/sources_1/imports/Components/Instruction_Decoder.vhd">
      <FileInfo>
        <Attr Name="ImportPath" Val="$PPRDIR/../Nano_V1_New/Components/Instruction_Decoder.vhd"/>
        <Attr Name="ImportTime" Val="1713097503"/>
        <Attr Name="UsedIn" Val="synthesis"/>
        <Attr Name="UsedIn" Val="simulation"/>
      </FileInfo>
    </File>
    <File Path="$PSRCDIR/sources_1/imports/Components/Instruction_Decoder_and_Loader.vhd">
      <FileInfo>
        <Attr Name="ImportPath" Val="$PPRDIR/../Nano_V1_New/Components/Instruction_Decoder_and_Loader.vhd"/>
        <Attr Name="ImportTime" Val="1713097523"/>
        <Attr Name="UsedIn" Val="synthesis"/>
        <Attr Name="UsedIn" Val="simulation"/>
      </FileInfo>
    </File>
    <File Path="$PSRCDIR/sources_1/imports/Components/LUT_16_7.vhd">
      <FileInfo>
        <Attr Name="ImportPath" Val="$PPRDIR/../Nano_V1_New/Components/LUT_16_7.vhd"/>
        <Attr Name="ImportTime" Val="1710858136"/>
        <Attr Name="UsedIn" Val="synthesis"/>
        <Attr Name="UsedIn" Val="simulation"/>
      </FileInfo>
    </File>
    <File Path="$PSRCDIR/sources_1/imports/Components/LUT_8_12.vhd">
      <FileInfo>
        <Attr Name="ImportPath" Val="$PPRDIR/../Nano_V1_New/Components/LUT_8_12.vhd"/>
        <Attr Name="ImportTime" Val="1713097509"/>
        <Attr Name="UsedIn" Val="synthesis"/>
        <Attr Name="UsedIn" Val="simulation"/>
      </FileInfo>
    </File>
    <File Path="$PSRCDIR/sources_1/imports/Components/MUX_2_1_3bit.vhd">
      <FileInfo>
        <Attr Name="ImportPath" Val="$PPRDIR/../Nano_V1_New/Components/MUX_2_1_3bit.vhd"/>
        <Attr Name="ImportTime" Val="1713097515"/>
        <Attr Name="UsedIn" Val="synthesis"/>
        <Attr Name="UsedIn" Val="simulation"/>
      </FileInfo>
    </File>
    <File Path="$PSRCDIR/sources_1/imports/Components/MUX_2_1_4bit.vhd">
      <FileInfo>
        <Attr Name="ImportPath" Val="$PPRDIR/../Nano_V1_New/Components/MUX_2_1_4bit.vhd"/>
        <Attr Name="ImportTime" Val="1713097522"/>
        <Attr Name="UsedIn" Val="synthesis"/>
        <Attr Name="UsedIn" Val="simulation"/>
      </FileInfo>
    </File>
    <File Path="$PSRCDIR/sources_1/imports/Components/MUX_8_1_4bit.vhd">
      <FileInfo>
        <Attr Name="ImportPath" Val="$PPRDIR/../Nano_V1_New/Components/MUX_8_1_4bit.vhd"/>
        <Attr Name="ImportTime" Val="1713097512"/>
        <Attr Name="UsedIn" Val="synthesis"/>
        <Attr Name="UsedIn" Val="simulation"/>
      </FileInfo>
    </File>
    <File Path="$PSRCDIR/sources_1/imports/Components/Mem_Sel_and_ROM.vhd">
      <FileInfo>
        <Attr Name="ImportPath" Val="$PPRDIR/../Nano_V1_New/Components/Mem_Sel_and_ROM.vhd"/>
        <Attr Name="ImportTime" Val="1713097520"/>
        <Attr Name="UsedIn" Val="synthesis"/>
        <Attr Name="UsedIn" Val="simulation"/>
      </FileInfo>
    </File>
    <File Path="$PSRCDIR/sources_1/imports/Components/Memory_Process_Unit.vhd">
      <FileInfo>
        <Attr Name="ImportPath" Val="$PPRDIR/../Nano_V1_New/Components/Memory_Process_Unit.vhd"/>
        <Attr Name="ImportTime" Val="1713097532"/>
        <Attr Name="UsedIn" Val="synthesis"/>
        <Attr Name="UsedIn" Val="simulation"/>
      </FileInfo>
    </File>
    <File Path="$PSRCDIR/sources_1/imports/Components/Memory_Selector.vhd">
      <FileInfo>
        <Attr Name="ImportPath" Val="$PPRDIR/../Nano_V1_New/Components/Memory_Selector.vhd"/>
        <Attr Name="ImportTime" Val="1713097528"/>
        <Attr Name="UsedIn" Val="synthesis"/>
        <Attr Name="UsedIn" Val="simulation"/>
      </FileInfo>
    </File>
    <File Path="$PSRCDIR/sources_1/imports/Components/Program_Counter.vhd">
      <FileInfo>
        <Attr Name="ImportPath" Val="$PPRDIR/../Nano_V1_New/Components/Program_Counter.vhd"/>
        <Attr Name="ImportTime" Val="1713097525"/>
        <Attr Name="UsedIn" Val="synthesis"/>
        <Attr Name="UsedIn" Val="simulation"/>
      </FileInfo>
    </File>
    <File Path="$PSRCDIR/sources_1/imports/Components/RC_Add_Sub_4.vhd">
      <FileInfo>
        <Attr Name="ImportPath" Val="$PPRDIR/../Nano_V1_New/Components/RC_Add_Sub_4.vhd"/>
        <Attr Name="ImportTime" Val="1713097511"/>
        <Attr Name="UsedIn" Val="synthesis"/>
        <Attr Name="UsedIn" Val="simulation"/>
      </FileInfo>
    </File>
    <File Path="$PSRCDIR/sources_1/imports/Components/Reg.vhd">
      <FileInfo>
        <Attr Name="ImportPath" Val="$PPRDIR/../Nano_V1_New/Components/Reg.vhd"/>
        <Attr Name="ImportTime" Val="1713097497"/>
        <Attr Name="UsedIn" Val="synthesis"/>
        <Attr Name="UsedIn" Val="simulation"/>
      </FileInfo>
    </File>
    <File Path="$PSRCDIR/sources_1/imports/Components/Register_Bank.vhd">
      <FileInfo>
        <Attr Name="ImportPath" Val="$PPRDIR/../Nano_V1_New/Components/Register_Bank.vhd"/>
        <Attr Name="ImportTime" Val="1713097508"/>
        <Attr Name="UsedIn" Val="synthesis"/>
        <Attr Name="UsedIn" Val="simulation"/>
      </FileInfo>
    </File>
    <File Path="$PSRCDIR/sources_1/imports/Components/Slow_Clk.vhd">
      <FileInfo>
        <Attr Name="ImportPath" Val="$PPRDIR/../Nano_V1_New/Components/Slow_Clk.vhd"/>
        <Attr Name="ImportTime" Val="1713097526"/>
        <Attr Name="UsedIn" Val="synthesis"/>
        <Attr Name="UsedIn" Val="simulation"/>
      </FileInfo>
    </File>
    <File Path="$PSRCDIR/sources_1/imports/Components/Three_Bit_Adder.vhd">
      <FileInfo>
        <Attr Name="ImportPath" Val="$PPRDIR/../Nano_V1_New/Components/Three_Bit_Adder.vhd"/>
        <Attr Name="ImportTime" Val="1713097518"/>
        <Attr Name="UsedIn" Val="synthesis"/>
        <Attr Name="UsedIn" Val="simulation"/>
      </FileInfo>
    </File>
    <File Path="$PSRCDIR/sources_1/imports/Components/Nano_Processor.vhd">
      <FileInfo>
        <Attr Name="ImportPath" Val="$PPRDIR/../Nano_V1_New/Components/Nano_Processor.vhd"/>
        <Attr Name="ImportTime" Val="1713097530"/>
        <Attr Name="UsedIn" Val="synthesis"/>
        <Attr Name="UsedIn" Val="simulation"/>
      </FileInfo>
    </File>
    <Config>
      <Option Name="DesignMode" Val="RTL"/>
      <Option Name="TopModule" Val="Nano_Processor"/>
    </Config>
  </FileSet>
  <FileSet Name="constrs_in" Type="Constrs" RelSrcDir="$PSRCDIR/constrs_1">
    <Filter Type="Constrs"/>
    <File Path="$PSRCDIR/constrs_1/imports/Components/Basys3Labs_NP_V1_.xdc">
      <FileInfo>
        <Attr Name="ImportPath" Val="$PPRDIR/../Nano_V1_New/Components/Basys3Labs_NP_V1_.xdc"/>
        <Attr Name="ImportTime" Val="1712563636"/>
        <Attr Name="UsedIn" Val="synthesis"/>
        <Attr Name="UsedIn" Val="implementation"/>
      </FileInfo>
    </File>
    <Config>
      <Option Name="ConstrsType" Val="XDC"/>
    </Config>
  </FileSet>
  <Strategy Version="1" Minor="2">
    <StratHandle Name="Vivado Synthesis Defaults" Flow="Vivado Synthesis 2018"/>
    <Step Id="synth_design"/>
  </Strategy>
</GenRun>
